freshbooks.com,http://www.freshbooks.com/iphone,http://community.freshbooks.com/addons/view/freshbooks_for_iphone/
freshbooks.com,http://www.aciresystems.com/,http://community.freshbooks.com/addons/view/reportaway/
freshbooks.com,http://www.basecamphq.com,http://community.freshbooks.com/addons/view/basecamp/
freshbooks.com,DeskAway Website,http://community.freshbooks.com/addons/view/des/
freshbooks.com,http://www.autotask.com,http://community.freshbooks.com/addons/view/autotask/
freshbooks.com,http://www.myclientspot.com,http://community.freshbooks.com/addons/view/clientspot/
freshbooks.com,http://www.zendesk.com,http://community.freshbooks.com/addons/view/zendesk/
freshbooks.com,Pervasive DataSolutions,http://community.freshbooks.com/addons/view/salesforce_connector/
freshbooks.com,http://www.highrisehq.com,http://community.freshbooks.com/addons/view/highrise/
freshbooks.com,http://www.batchbook.com,http://community.freshbooks.com/addons/view/batchbook/
freshbooks.com,Capsule Website,http://community.freshbooks.com/addons/view/capsule/
freshbooks.com,http://www.oprius.com,http://community.freshbooks.com/addons/view/oprius/
freshbooks.com,http://www.tactilecrm.com/,http://community.freshbooks.com/addons/view/tactile_crm/
freshbooks.com,http://www.relenta.com,http://community.freshbooks.com/addons/view/relenta/
freshbooks.com,http://www.norada.com/,http://community.freshbooks.com/addons/view/solve360/
freshbooks.com,http://www.kashoo.com/,http://community.freshbooks.com/addons/view/kashoo/
freshbooks.com,http://www.teaspiller.com/,http://community.freshbooks.com/addons/view/teaspiller/
freshbooks.com,Greytrix Website,http://community.freshbooks.com/addons/view/peachtree_connector/
freshbooks.com,http://inDinero.com/freshbooks,http://community.freshbooks.com/addons/view/indinero/
freshbooks.com,http://www.iacez.com,http://community.freshbooks.com/addons/view/iac-ez/
freshbooks.com,http://www.outright.com,http://community.freshbooks.com/addons/view/outright/
freshbooks.com,Shoeboxed Website,http://community.freshbooks.com/addons/view/shoeboxed/
freshbooks.com,http://www.expensecloud.com,http://community.freshbooks.com/addons/view/expense_bay/
freshbooks.com,http://www.expensify.com,http://community.freshbooks.com/addons/view/expensify/
freshbooks.com,Receipt Bank Website,http://community.freshbooks.com/addons/view/receipt_bank/
freshbooks.com,http://www.xpenser.com,http://community.freshbooks.com/addons/view/xpenser/
freshbooks.com,http://www.andrewflusche.com/freshbooks-vista-sidebar-gadget/,http://community.freshbooks.com/addons/view/vista_time_tracker_gadget/
freshbooks.com,http://chronomateapp.com/,http://community.freshbooks.com/addons/view/chronomate/
freshbooks.com,http://app.chrometa.com,http://community.freshbooks.com/addons/view/chrometa/
freshbooks.com,http://www.tickspot.com/,http://community.freshbooks.com/addons/view/tickspot/
freshbooks.com,http://www.slifelabs.com,http://community.freshbooks.com/addons/view/slife/
freshbooks.com,http://www.timersync.com,http://community.freshbooks.com/addons/view/timersync/
freshbooks.com,http://www.toggl.com,http://community.freshbooks.com/addons/view/toggl/
freshbooks.com,http://www.minutedock.com,http://community.freshbooks.com/addons/view/minutedock1/
freshbooks.com,http://www.bidsketch.com/?utm_source=partners&utm_medium=integrations&utm_campaign=freshbooks,http://community.freshbooks.com/addons/view/bidsketch/
freshbooks.com,http://www.wufoo.com,http://community.freshbooks.com/addons/view/wufoo/
freshbooks.com,http://www.formstack.com/r/43532725,http://community.freshbooks.com/addons/view/formstack/
freshbooks.com,http://www.setster.com,http://community.freshbooks.com/addons/view/setster/
freshbooks.com,http://www.quoteroller.com,http://community.freshbooks.com/addons/view/quote_roller/
freshbooks.com,http://www.livechatinc.com,http://community.freshbooks.com/addons/view/livechat/
freshbooks.com,http://eepurl.com/dtSqv,http://community.freshbooks.com/addons/view/mailchimp/
freshbooks.com,http://www.cakemail.com,http://community.freshbooks.com/addons/view/cakemail/
freshbooks.com,http://zfer.us/l7y89,http://community.freshbooks.com/addons/view/zferral/
freshbooks.com,http://www.constantcontact.com,http://community.freshbooks.com/addons/view/constant_contact/
freshbooks.com,http://www.activecampaign.com/afv.php?a=218168&s=12all,http://community.freshbooks.com/addons/view/activecampaign/
freshbooks.com,http://www.paypal.com,http://community.freshbooks.com/addons/view/paypal/
freshbooks.com,http://www.beanstream.com,http://community.freshbooks.com/addons/view/beanstream/
freshbooks.com,http://www.authorize.net,http://community.freshbooks.com/addons/view/authorize.net/
freshbooks.com,http://www.2checkout.com,http://community.freshbooks.com/addons/view/2checkout/
freshbooks.com,http://www.eway.com.au,http://community.freshbooks.com/addons/view/eway/
freshbooks.com,https://secure.itransact.com/marketing/freshbooks,http://community.freshbooks.com/addons/view/itransact/
freshbooks.com,http://www.podio.com,http://community.freshbooks.com/addons/view/podio/
freshbooks.com,http://kpilibrary.com/store/dashboard/freshbooks,http://community.freshbooks.com/addons/view/kpi_dashboard/
freshbooks.com,http://www.geckoboard.com,http://community.freshbooks.com/addons/view/geckoboard/
freshbooks.com,https://www.easy-insight.com/index.html,http://community.freshbooks.com/addons/view/easy_insight/
freshbooks.com,http://bit.ly/cPb3Pt,http://community.freshbooks.com/addons/view/google_apps/
freshbooks.com,http://www.myndbend.com/freshbooks-google-gadget/,http://community.freshbooks.com/addons/view/google_timer_gadget/
freshbooks.com,http://www.officedrop.com/digital-filing-pricing,http://community.freshbooks.com/addons/view/officedrop/
freshbooks.com,http://www.itduzzit.com/it/duzzit/freshbooks,http://community.freshbooks.com/addons/view/itduzzit/
freshbooks.com,http://www.onesaas.com,http://community.freshbooks.com/addons/view/onesaas/
freshbooks.com,https://RightSignature.com,http://community.freshbooks.com/addons/view/rightsignature/
freshbooks.com,http://www.geoop.com,http://community.freshbooks.com/addons/view/geoop/
freshbooks.com,http://www.itduzzit.com/,http://community.freshbooks.com/addons/view/bluefolder/
freshbooks.com,http://www.carrytheone.co.uk,http://community.freshbooks.com/addons/view/shopify_order_importer/
freshbooks.com,http://www.carrytheone.co.uk,http://community.freshbooks.com/addons/view/oscommerce_cre_loaded/
freshbooks.com,http://www.carrytheone.co.uk,http://community.freshbooks.com/addons/view/zen_cart/
freshbooks.com,http://www.carrytheone.co.uk,http://community.freshbooks.com/addons/view/magento/
