freshbooks.com,,/ordercup
freshbooks.com,,/product-upsell
freshbooks.com,,/product-discount
freshbooks.com,,/shipstation
freshbooks.com,,/abandon-app
freshbooks.com,,/seo-meta-manager
freshbooks.com,,/shopconnection
freshbooks.com,,/meta-tagger
freshbooks.com,,/plug-in-seo
freshbooks.com,,/orderlyprint
freshbooks.com,,/beetailer-your-store-on-facebook
freshbooks.com,,/fliptabify
freshbooks.com,,/shoppad
freshbooks.com,,/landable
freshbooks.com,,/blogfeeder
freshbooks.com,,/coolence
freshbooks.com,,/chimpified
freshbooks.com,,/wholesaler
freshbooks.com,,/stitch-labs
freshbooks.com,,/yotpo
freshbooks.com,,/grapevine-reviews
freshbooks.com,,/lexity-live
freshbooks.com,,/sumall
freshbooks.com,,/happy-ending
freshbooks.com,,/metarific
freshbooks.com,,/growcart
freshbooks.com,,/pixelprinter
freshbooks.com,,/retailtower
freshbooks.com,,/insparq-social-marketing-widget
freshbooks.com,,/respondify
freshbooks.com,,/recomatic
freshbooks.com,,/mapper
freshbooks.com,,/ecommhub
freshbooks.com,,/spin-studio
freshbooks.com,,/back-in-stock
freshbooks.com,,/metafields
freshbooks.com,,/bulk-fulfillment
freshbooks.com,,/shopimap
freshbooks.com,,/deepmine
freshbooks.com,,/magento-importer
freshbooks.com,,/want-button
freshbooks.com,,/lockdown
freshbooks.com,,/directed-edge-product-recommender
freshbooks.com,,/fulfillrite-order-fulfillment
freshbooks.com,,/zapier
freshbooks.com,,/addshoppers-social-analytics
freshbooks.com,,/friendbuy-social-sharing-optimization
freshbooks.com,,/bizelo-eretail-centralized-inventory-management
freshbooks.com,,/facebook-store
freshbooks.com,,/ordoro
freshbooks.com,,/ask-a-friend-friendize-me
freshbooks.com,,/olark-chat-cartsaver
freshbooks.com,,/super-reviews
freshbooks.com,,/wordpress-importer
freshbooks.com,,/vend-point-of-sale
freshbooks.com,,/quickshop
freshbooks.com,,/giftery-me-universal-wishlist-addon
freshbooks.com,,/real-time-orders
freshbooks.com,,/shopify-assistant
freshbooks.com,,/fluidsurveys
freshbooks.com,,/inventory-source
freshbooks.com,,/whiplash-invoices
freshbooks.com,,/itduzzit
freshbooks.com,,/customersure
freshbooks.com,,/fetchapp
freshbooks.com,,/searchify
freshbooks.com,,/gatekeeper
freshbooks.com,,/digital-delivery-app
freshbooks.com,,/ambassador
freshbooks.com,,/aftership
freshbooks.com,,/shopidroid
freshbooks.com,,/elasso
freshbooks.com,,/recover
freshbooks.com,,/curebit-referral-system
freshbooks.com,,/buysafe-app
freshbooks.com,,/mineful
freshbooks.com,,/frame
freshbooks.com,,/stock-chart-1
freshbooks.com,,/helpjuice
freshbooks.com,,/livechat
freshbooks.com,,/pricewatcher
freshbooks.com,,/flusher
freshbooks.com,,/t-hub
freshbooks.com,,/onesaas
freshbooks.com,,/social-coupon-game-marketing
freshbooks.com,,/wordwatch
freshbooks.com,,/jilt-cart-abandonment-solution
freshbooks.com,,/featured-products
freshbooks.com,,/tweet-for-discount
freshbooks.com,,/wigify-affiliate-management
freshbooks.com,,/social-interface
freshbooks.com,,/watermark
freshbooks.com,,/your-google-seo-rankings
freshbooks.com,,/shoplink-qb
freshbooks.com,,/shopify-widgets
freshbooks.com,,/bookthatapp
freshbooks.com,,/echoed-2-0
freshbooks.com,,/recent-activity
freshbooks.com,,/storeya
freshbooks.com,,/xero-accountancy-bookkeeping-integrator-by-carrytheone
freshbooks.com,,/addthis-sharing-tool
freshbooks.com,,/contact-form
freshbooks.com,,/wishery
freshbooks.com,,/the-hello-bar
freshbooks.com,,/adroll-retargeting
freshbooks.com,,/optimizely
freshbooks.com,,/clockwork-sms
freshbooks.com,,/cinch7-reviews
freshbooks.com,,/spring-metrics
freshbooks.com,,/klaviyo-customer-insight-and-marketing
freshbooks.com,,/colorandsize
freshbooks.com,,/shippingeasy
freshbooks.com,,/beetailer-social-widget
freshbooks.com,,/merchantos-point-of-sale-integration
freshbooks.com,,/less-accounting
freshbooks.com,,/gainify
freshbooks.com,,/action-shots
freshbooks.com,,/punchtab
freshbooks.com,,/omnistar-affiliate-software
freshbooks.com,,/querystring
freshbooks.com,,/socialify
freshbooks.com,,/package-tracker
freshbooks.com,,/zibaba-social-commerce-platform
freshbooks.com,,/simpleorderstatus
freshbooks.com,,/referralcandy
freshbooks.com,,/freshbooks-accountancy-bookkeeping-integrator-by-carrytheone
freshbooks.com,,/campaignified
freshbooks.com,,/shopkeep-pos
freshbooks.com,,/madify
freshbooks.com,,/incentify-by-points-com
freshbooks.com,,/social-offers
freshbooks.com,,/quickbooks-integration
freshbooks.com,,/chargify
freshbooks.com,,/lexity-live-archive
freshbooks.com,,/canada-post
freshbooks.com,,/zopim-live-chat
freshbooks.com,,/portable-for-shopify
freshbooks.com,,/movylo-shop
freshbooks.com,,/e-conomic-accountancy-bookkeeping-integrator-by-carrytheone
freshbooks.com,,/noisy-deals
freshbooks.com,,/storefront-social
freshbooks.com,,/voice-connect
freshbooks.com,,/wyvox
freshbooks.com,,/magic-zoom-plus
freshbooks.com,,/zingaya-click-to-call
freshbooks.com,,/mailup
freshbooks.com,,/lexity-quick-chat
freshbooks.com,,/shopify-mobile
freshbooks.com,,/plugmyevent
freshbooks.com,,/ventata-pricing-engine
freshbooks.com,,/bulk-discounts
freshbooks.com,,/memberships-discount-cards
freshbooks.com,,/blankstyle-com-inventory-management
freshbooks.com,,/wishlist
freshbooks.com,,/get-a-fan
freshbooks.com,,/shopwriters
freshbooks.com,,/trendslide
freshbooks.com,,/kashflow-accountancy-bookkeeping-integrator-by-carrytheone
freshbooks.com,,/shop-marketer
freshbooks.com,,/buzz-referrals
freshbooks.com,,/emaildirect
freshbooks.com,,/social-sweepstakes
freshbooks.com,,/copy-paste-store
freshbooks.com,,/live-chat-software-by-helponclick
freshbooks.com,,/address-change
freshbooks.com,,/magic-360
freshbooks.com,,/improvely
freshbooks.com,,/on-sale-labels
freshbooks.com,,/autorespondermax
freshbooks.com,,/zferral
freshbooks.com,,/accessify
freshbooks.com,,/lexity-pinterest-report
freshbooks.com,,/amazon-product-ads
freshbooks.com,,/merchpin
freshbooks.com,,/fastprice
freshbooks.com,,/prodatafeed
freshbooks.com,,/mapify
freshbooks.com,,/inventory-notifications
freshbooks.com,,/versafeed
freshbooks.com,,/live-chat-by-userpulse
freshbooks.com,,/ebay-importer
freshbooks.com,,/custard
freshbooks.com,,/activecampaign
freshbooks.com,,/contactified
freshbooks.com,,/stockifyapp
freshbooks.com,,/desk-com
freshbooks.com,,/shop2shop
freshbooks.com,,/lexity-retargeting
freshbooks.com,,/wishpot-button-1
freshbooks.com,,/pinfeed
freshbooks.com,,/lexity-shopping-feeds
freshbooks.com,,/socialshout
